{
  "reserveSOL": 0.61,
  "reserveUSDC": 59.458881694236624,
  "k": 36.26991783348434,
  "totalShares": 6.020797289396148,
  "lpShares": {
    "EMuZbgr92wfEZsHNCExEejEPkEQEM82VQP54oM5D5sdT": 6.020797289396148
  }
}